name,label
0/0_0.jpg,0
0/0_1.jpg,0
0/0_2.jpg,0
0/0_3.jpg,0
0/0_4.jpg,0
0/0_5.jpg,0
0/0_6.jpg,0
0/0_7.jpg,0
0/0_8.jpg,0
0/0_9.jpg,0
0/0_10.jpg,0
0/0_11.jpg,0
0/0_12.jpg,0
0/0_13.jpg,0
0/0_14.jpg,0
0/0_15.jpg,0
0/0_16.jpg,0
0/0_17.jpg,0
0/0_18.jpg,0
0/0_19.jpg,0
0/0_20.jpg,0
0/0_21.jpg,0
0/0_22.jpg,0
0/0_23.jpg,0
0/0_24.jpg,0
0/0_25.jpg,0
0/0_26.jpg,0
0/0_27.jpg,0
0/0_28.jpg,0
0/0_29.jpg,0
0/0_30.jpg,0
0/0_31.jpg,0
0/0_32.jpg,0
0/0_33.jpg,0
0/0_34.jpg,0
0/0_35.jpg,0
0/0_36.jpg,0
0/0_37.jpg,0
0/0_38.jpg,0
0/0_39.jpg,0
0/0_40.jpg,0
0/0_41.jpg,0
0/0_42.jpg,0
0/0_43.jpg,0
0/0_44.jpg,0
0/0_45.jpg,0
0/0_46.jpg,0
0/0_47.jpg,0
0/0_48.jpg,0
0/0_49.jpg,0
0/0_50.jpg,0
0/0_51.jpg,0
0/0_52.jpg,0
0/0_53.jpg,0
0/0_54.jpg,0
0/0_55.jpg,0
0/0_56.jpg,0
0/0_57.jpg,0
0/0_58.jpg,0
0/0_59.jpg,0
0/0_60.jpg,0
0/0_61.jpg,0
0/0_62.jpg,0
0/0_63.jpg,0
0/0_64.jpg,0
0/0_65.jpg,0
0/0_66.jpg,0
0/0_67.jpg,0
0/0_68.jpg,0
0/0_69.jpg,0
0/0_70.jpg,0
0/0_71.jpg,0
0/0_72.jpg,0
0/0_73.jpg,0
0/0_74.jpg,0
0/0_75.jpg,0
0/0_76.jpg,0
0/0_77.jpg,0
0/0_78.jpg,0
0/0_79.jpg,0
0/0_80.jpg,0
0/0_81.jpg,0
0/0_82.jpg,0
0/0_83.jpg,0
0/0_84.jpg,0
0/0_85.jpg,0
0/0_86.jpg,0
0/0_87.jpg,0
0/0_88.jpg,0
0/0_89.jpg,0
0/0_90.jpg,0
0/0_91.jpg,0
0/0_92.jpg,0
0/0_93.jpg,0
0/0_94.jpg,0
0/0_95.jpg,0
0/0_96.jpg,0
0/0_97.jpg,0
0/0_98.jpg,0
0/0_99.jpg,0
0/0_100.jpg,0
0/0_101.jpg,0
0/0_102.jpg,0
0/0_103.jpg,0
0/0_104.jpg,0
0/0_105.jpg,0
0/0_106.jpg,0
0/0_107.jpg,0
0/0_108.jpg,0
0/0_109.jpg,0
0/0_110.jpg,0
0/0_111.jpg,0
0/0_112.jpg,0
0/0_113.jpg,0
0/0_114.jpg,0
0/0_115.jpg,0
0/0_116.jpg,0
0/0_117.jpg,0
0/0_118.jpg,0
0/0_119.jpg,0
0/0_120.jpg,0
0/0_121.jpg,0
0/0_122.jpg,0
0/0_123.jpg,0
0/0_124.jpg,0
0/0_125.jpg,0
0/0_126.jpg,0
0/0_127.jpg,0
0/0_128.jpg,0
0/0_129.jpg,0
0/0_130.jpg,0
0/0_131.jpg,0
0/0_132.jpg,0
0/0_133.jpg,0
0/0_134.jpg,0
0/0_135.jpg,0
0/0_136.jpg,0
0/0_137.jpg,0
0/0_138.jpg,0
0/0_139.jpg,0
0/0_140.jpg,0
0/0_141.jpg,0
0/0_142.jpg,0
0/0_143.jpg,0
1/1_0.jpg,1
1/1_1.jpg,1
1/1_2.jpg,1
1/1_3.jpg,1
1/1_4.jpg,1
1/1_5.jpg,1
1/1_6.jpg,1
1/1_7.jpg,1
1/1_8.jpg,1
1/1_9.jpg,1
1/1_10.jpg,1
1/1_11.jpg,1
1/1_12.jpg,1
1/1_13.jpg,1
1/1_14.jpg,1
1/1_15.jpg,1
1/1_16.jpg,1
1/1_17.jpg,1
1/1_18.jpg,1
1/1_19.jpg,1
1/1_20.jpg,1
1/1_21.jpg,1
1/1_22.jpg,1
1/1_23.jpg,1
1/1_24.jpg,1
1/1_25.jpg,1
1/1_26.jpg,1
1/1_27.jpg,1
1/1_28.jpg,1
1/1_29.jpg,1
1/1_30.jpg,1
1/1_31.jpg,1
1/1_32.jpg,1
1/1_33.jpg,1
1/1_34.jpg,1
1/1_35.jpg,1
1/1_36.jpg,1
1/1_37.jpg,1
1/1_38.jpg,1
1/1_39.jpg,1
1/1_40.jpg,1
1/1_41.jpg,1
1/1_42.jpg,1
1/1_43.jpg,1
1/1_44.jpg,1
1/1_45.jpg,1
1/1_46.jpg,1
1/1_47.jpg,1
1/1_48.jpg,1
1/1_49.jpg,1
1/1_50.jpg,1
1/1_51.jpg,1
1/1_52.jpg,1
1/1_53.jpg,1
1/1_54.jpg,1
1/1_55.jpg,1
1/1_56.jpg,1
1/1_57.jpg,1
1/1_58.jpg,1
1/1_59.jpg,1
1/1_60.jpg,1
1/1_61.jpg,1
1/1_62.jpg,1
1/1_63.jpg,1
1/1_64.jpg,1
1/1_65.jpg,1
1/1_66.jpg,1
1/1_67.jpg,1
1/1_68.jpg,1
1/1_69.jpg,1
1/1_70.jpg,1
1/1_71.jpg,1
1/1_72.jpg,1
1/1_73.jpg,1
1/1_74.jpg,1
1/1_75.jpg,1
1/1_76.jpg,1
1/1_77.jpg,1
1/1_78.jpg,1
1/1_79.jpg,1
1/1_80.jpg,1
1/1_81.jpg,1
1/1_82.jpg,1
1/1_83.jpg,1
1/1_84.jpg,1
1/1_85.jpg,1
1/1_86.jpg,1
1/1_87.jpg,1
1/1_88.jpg,1
1/1_89.jpg,1
1/1_90.jpg,1
1/1_91.jpg,1
1/1_92.jpg,1
1/1_93.jpg,1
1/1_94.jpg,1
1/1_95.jpg,1
1/1_96.jpg,1
1/1_97.jpg,1
1/1_98.jpg,1
1/1_99.jpg,1
1/1_100.jpg,1
1/1_101.jpg,1
1/1_102.jpg,1
1/1_103.jpg,1
1/1_104.jpg,1
1/1_105.jpg,1
1/1_106.jpg,1
1/1_107.jpg,1
1/1_108.jpg,1
1/1_109.jpg,1
1/1_110.jpg,1
1/1_111.jpg,1
1/1_112.jpg,1
1/1_113.jpg,1
1/1_114.jpg,1
1/1_115.jpg,1
1/1_116.jpg,1
1/1_117.jpg,1
1/1_118.jpg,1
1/1_119.jpg,1
1/1_120.jpg,1
1/1_121.jpg,1
1/1_122.jpg,1
1/1_123.jpg,1
1/1_124.jpg,1
1/1_125.jpg,1
1/1_126.jpg,1
1/1_127.jpg,1
1/1_128.jpg,1
1/1_129.jpg,1
1/1_130.jpg,1
1/1_131.jpg,1
1/1_132.jpg,1
1/1_133.jpg,1
1/1_134.jpg,1
1/1_135.jpg,1
1/1_136.jpg,1
1/1_137.jpg,1
1/1_138.jpg,1
1/1_139.jpg,1
1/1_140.jpg,1
1/1_141.jpg,1
1/1_142.jpg,1
1/1_143.jpg,1
2/2_0.jpg,2
2/2_1.jpg,2
2/2_2.jpg,2
2/2_3.jpg,2
2/2_4.jpg,2
2/2_5.jpg,2
2/2_6.jpg,2
2/2_7.jpg,2
2/2_8.jpg,2
2/2_9.jpg,2
2/2_10.jpg,2
2/2_11.jpg,2
2/2_12.jpg,2
2/2_13.jpg,2
2/2_14.jpg,2
2/2_15.jpg,2
2/2_16.jpg,2
2/2_17.jpg,2
2/2_18.jpg,2
2/2_19.jpg,2
2/2_20.jpg,2
2/2_21.jpg,2
2/2_22.jpg,2
2/2_23.jpg,2
2/2_24.jpg,2
2/2_25.jpg,2
2/2_26.jpg,2
2/2_27.jpg,2
2/2_28.jpg,2
2/2_29.jpg,2
2/2_30.jpg,2
2/2_31.jpg,2
2/2_32.jpg,2
2/2_33.jpg,2
2/2_34.jpg,2
2/2_35.jpg,2
2/2_36.jpg,2
2/2_37.jpg,2
2/2_38.jpg,2
2/2_39.jpg,2
2/2_40.jpg,2
2/2_41.jpg,2
2/2_42.jpg,2
2/2_43.jpg,2
2/2_44.jpg,2
2/2_45.jpg,2
2/2_46.jpg,2
2/2_47.jpg,2
2/2_48.jpg,2
2/2_49.jpg,2
2/2_50.jpg,2
2/2_51.jpg,2
2/2_52.jpg,2
2/2_53.jpg,2
2/2_54.jpg,2
2/2_55.jpg,2
2/2_56.jpg,2
2/2_57.jpg,2
2/2_58.jpg,2
2/2_59.jpg,2
2/2_60.jpg,2
2/2_61.jpg,2
2/2_62.jpg,2
2/2_63.jpg,2
2/2_64.jpg,2
2/2_65.jpg,2
2/2_66.jpg,2
2/2_67.jpg,2
2/2_68.jpg,2
2/2_69.jpg,2
2/2_70.jpg,2
2/2_71.jpg,2
2/2_72.jpg,2
2/2_73.jpg,2
2/2_74.jpg,2
2/2_75.jpg,2
2/2_76.jpg,2
2/2_77.jpg,2
2/2_78.jpg,2
2/2_79.jpg,2
2/2_80.jpg,2
2/2_81.jpg,2
2/2_82.jpg,2
2/2_83.jpg,2
2/2_84.jpg,2
2/2_85.jpg,2
2/2_86.jpg,2
2/2_87.jpg,2
2/2_88.jpg,2
2/2_89.jpg,2
2/2_90.jpg,2
2/2_91.jpg,2
2/2_92.jpg,2
2/2_93.jpg,2
2/2_94.jpg,2
2/2_95.jpg,2
2/2_96.jpg,2
2/2_97.jpg,2
2/2_98.jpg,2
2/2_99.jpg,2
2/2_100.jpg,2
2/2_101.jpg,2
2/2_102.jpg,2
2/2_103.jpg,2
2/2_104.jpg,2
2/2_105.jpg,2
2/2_106.jpg,2
2/2_107.jpg,2
2/2_108.jpg,2
2/2_109.jpg,2
2/2_110.jpg,2
2/2_111.jpg,2
2/2_112.jpg,2
2/2_113.jpg,2
2/2_114.jpg,2
2/2_115.jpg,2
2/2_116.jpg,2
2/2_117.jpg,2
2/2_118.jpg,2
2/2_119.jpg,2
2/2_120.jpg,2
2/2_121.jpg,2
2/2_122.jpg,2
2/2_123.jpg,2
2/2_124.jpg,2
2/2_125.jpg,2
2/2_126.jpg,2
2/2_127.jpg,2
2/2_128.jpg,2
2/2_129.jpg,2
2/2_130.jpg,2
2/2_131.jpg,2
2/2_132.jpg,2
2/2_133.jpg,2
2/2_134.jpg,2
2/2_135.jpg,2
2/2_136.jpg,2
2/2_137.jpg,2
2/2_138.jpg,2
2/2_139.jpg,2
2/2_140.jpg,2
2/2_141.jpg,2
2/2_142.jpg,2
2/2_143.jpg,2
3/3_0.jpg,3
3/3_1.jpg,3
3/3_2.jpg,3
3/3_3.jpg,3
3/3_4.jpg,3
3/3_5.jpg,3
3/3_6.jpg,3
3/3_7.jpg,3
3/3_8.jpg,3
3/3_9.jpg,3
3/3_10.jpg,3
3/3_11.jpg,3
3/3_12.jpg,3
3/3_13.jpg,3
3/3_14.jpg,3
3/3_15.jpg,3
3/3_16.jpg,3
3/3_17.jpg,3
3/3_18.jpg,3
3/3_19.jpg,3
3/3_20.jpg,3
3/3_21.jpg,3
3/3_22.jpg,3
3/3_23.jpg,3
3/3_24.jpg,3
3/3_25.jpg,3
3/3_26.jpg,3
3/3_27.jpg,3
3/3_28.jpg,3
3/3_29.jpg,3
3/3_30.jpg,3
3/3_31.jpg,3
3/3_32.jpg,3
3/3_33.jpg,3
3/3_34.jpg,3
3/3_35.jpg,3
3/3_36.jpg,3
3/3_37.jpg,3
3/3_38.jpg,3
3/3_39.jpg,3
3/3_40.jpg,3
3/3_41.jpg,3
3/3_42.jpg,3
3/3_43.jpg,3
3/3_44.jpg,3
3/3_45.jpg,3
3/3_46.jpg,3
3/3_47.jpg,3
3/3_48.jpg,3
3/3_49.jpg,3
3/3_50.jpg,3
3/3_51.jpg,3
3/3_52.jpg,3
3/3_53.jpg,3
3/3_54.jpg,3
3/3_55.jpg,3
3/3_56.jpg,3
3/3_57.jpg,3
3/3_58.jpg,3
3/3_59.jpg,3
3/3_60.jpg,3
3/3_61.jpg,3
3/3_62.jpg,3
3/3_63.jpg,3
3/3_64.jpg,3
3/3_65.jpg,3
3/3_66.jpg,3
3/3_67.jpg,3
3/3_68.jpg,3
3/3_69.jpg,3
3/3_70.jpg,3
3/3_71.jpg,3
3/3_72.jpg,3
3/3_73.jpg,3
3/3_74.jpg,3
3/3_75.jpg,3
3/3_76.jpg,3
3/3_77.jpg,3
3/3_78.jpg,3
3/3_79.jpg,3
3/3_80.jpg,3
3/3_81.jpg,3
3/3_82.jpg,3
3/3_83.jpg,3
3/3_84.jpg,3
3/3_85.jpg,3
3/3_86.jpg,3
3/3_87.jpg,3
3/3_88.jpg,3
3/3_89.jpg,3
3/3_90.jpg,3
3/3_91.jpg,3
3/3_92.jpg,3
3/3_93.jpg,3
3/3_94.jpg,3
3/3_95.jpg,3
3/3_96.jpg,3
3/3_97.jpg,3
3/3_98.jpg,3
3/3_99.jpg,3
3/3_100.jpg,3
3/3_101.jpg,3
3/3_102.jpg,3
3/3_103.jpg,3
3/3_104.jpg,3
3/3_105.jpg,3
3/3_106.jpg,3
3/3_107.jpg,3
3/3_108.jpg,3
3/3_109.jpg,3
3/3_110.jpg,3
3/3_111.jpg,3
3/3_112.jpg,3
3/3_113.jpg,3
3/3_114.jpg,3
3/3_115.jpg,3
3/3_116.jpg,3
3/3_117.jpg,3
3/3_118.jpg,3
3/3_119.jpg,3
3/3_120.jpg,3
3/3_121.jpg,3
3/3_122.jpg,3
3/3_123.jpg,3
3/3_124.jpg,3
3/3_125.jpg,3
3/3_126.jpg,3
3/3_127.jpg,3
3/3_128.jpg,3
3/3_129.jpg,3
3/3_130.jpg,3
3/3_131.jpg,3
3/3_132.jpg,3
3/3_133.jpg,3
3/3_134.jpg,3
3/3_135.jpg,3
3/3_136.jpg,3
3/3_137.jpg,3
3/3_138.jpg,3
3/3_139.jpg,3
3/3_140.jpg,3
3/3_141.jpg,3
3/3_142.jpg,3
3/3_143.jpg,3
4/4_0.jpg,4
4/4_1.jpg,4
4/4_2.jpg,4
4/4_3.jpg,4
4/4_4.jpg,4
4/4_5.jpg,4
4/4_6.jpg,4
4/4_7.jpg,4
4/4_8.jpg,4
4/4_9.jpg,4
4/4_10.jpg,4
4/4_11.jpg,4
4/4_12.jpg,4
4/4_13.jpg,4
4/4_14.jpg,4
4/4_15.jpg,4
4/4_16.jpg,4
4/4_17.jpg,4
4/4_18.jpg,4
4/4_19.jpg,4
4/4_20.jpg,4
4/4_21.jpg,4
4/4_22.jpg,4
4/4_23.jpg,4
4/4_24.jpg,4
4/4_25.jpg,4
4/4_26.jpg,4
4/4_27.jpg,4
4/4_28.jpg,4
4/4_29.jpg,4
4/4_30.jpg,4
4/4_31.jpg,4
4/4_32.jpg,4
4/4_33.jpg,4
4/4_34.jpg,4
4/4_35.jpg,4
4/4_36.jpg,4
4/4_37.jpg,4
4/4_38.jpg,4
4/4_39.jpg,4
4/4_40.jpg,4
4/4_41.jpg,4
4/4_42.jpg,4
4/4_43.jpg,4
4/4_44.jpg,4
4/4_45.jpg,4
4/4_46.jpg,4
4/4_47.jpg,4
4/4_48.jpg,4
4/4_49.jpg,4
4/4_50.jpg,4
4/4_51.jpg,4
4/4_52.jpg,4
4/4_53.jpg,4
4/4_54.jpg,4
4/4_55.jpg,4
4/4_56.jpg,4
4/4_57.jpg,4
4/4_58.jpg,4
4/4_59.jpg,4
4/4_60.jpg,4
4/4_61.jpg,4
4/4_62.jpg,4
4/4_63.jpg,4
4/4_64.jpg,4
4/4_65.jpg,4
4/4_66.jpg,4
4/4_67.jpg,4
4/4_68.jpg,4
4/4_69.jpg,4
4/4_70.jpg,4
4/4_71.jpg,4
4/4_72.jpg,4
4/4_73.jpg,4
4/4_74.jpg,4
4/4_75.jpg,4
4/4_76.jpg,4
4/4_77.jpg,4
4/4_78.jpg,4
4/4_79.jpg,4
4/4_80.jpg,4
4/4_81.jpg,4
4/4_82.jpg,4
4/4_83.jpg,4
4/4_84.jpg,4
4/4_85.jpg,4
4/4_86.jpg,4
4/4_87.jpg,4
4/4_88.jpg,4
4/4_89.jpg,4
4/4_90.jpg,4
4/4_91.jpg,4
4/4_92.jpg,4
4/4_93.jpg,4
4/4_94.jpg,4
4/4_95.jpg,4
4/4_96.jpg,4
4/4_97.jpg,4
4/4_98.jpg,4
4/4_99.jpg,4
4/4_100.jpg,4
4/4_101.jpg,4
4/4_102.jpg,4
4/4_103.jpg,4
4/4_104.jpg,4
4/4_105.jpg,4
4/4_106.jpg,4
4/4_107.jpg,4
4/4_108.jpg,4
4/4_109.jpg,4
4/4_110.jpg,4
4/4_111.jpg,4
4/4_112.jpg,4
4/4_113.jpg,4
4/4_114.jpg,4
4/4_115.jpg,4
4/4_116.jpg,4
4/4_117.jpg,4
4/4_118.jpg,4
4/4_119.jpg,4
4/4_120.jpg,4
4/4_121.jpg,4
4/4_122.jpg,4
4/4_123.jpg,4
4/4_124.jpg,4
4/4_125.jpg,4
4/4_126.jpg,4
4/4_127.jpg,4
4/4_128.jpg,4
4/4_129.jpg,4
4/4_130.jpg,4
4/4_131.jpg,4
4/4_132.jpg,4
4/4_133.jpg,4
4/4_134.jpg,4
4/4_135.jpg,4
4/4_136.jpg,4
4/4_137.jpg,4
4/4_138.jpg,4
4/4_139.jpg,4
4/4_140.jpg,4
4/4_141.jpg,4
4/4_142.jpg,4
4/4_143.jpg,4
5/5_0.jpg,5
5/5_1.jpg,5
5/5_2.jpg,5
5/5_3.jpg,5
5/5_4.jpg,5
5/5_5.jpg,5
5/5_6.jpg,5
5/5_7.jpg,5
5/5_8.jpg,5
5/5_9.jpg,5
5/5_10.jpg,5
5/5_11.jpg,5
5/5_12.jpg,5
5/5_13.jpg,5
5/5_14.jpg,5
5/5_15.jpg,5
5/5_16.jpg,5
5/5_17.jpg,5
5/5_18.jpg,5
5/5_19.jpg,5
5/5_20.jpg,5
5/5_21.jpg,5
5/5_22.jpg,5
5/5_23.jpg,5
5/5_24.jpg,5
5/5_25.jpg,5
5/5_26.jpg,5
5/5_27.jpg,5
5/5_28.jpg,5
5/5_29.jpg,5
5/5_30.jpg,5
5/5_31.jpg,5
5/5_32.jpg,5
5/5_33.jpg,5
5/5_34.jpg,5
5/5_35.jpg,5
5/5_36.jpg,5
5/5_37.jpg,5
5/5_38.jpg,5
5/5_39.jpg,5
5/5_40.jpg,5
5/5_41.jpg,5
5/5_42.jpg,5
5/5_43.jpg,5
5/5_44.jpg,5
5/5_45.jpg,5
5/5_46.jpg,5
5/5_47.jpg,5
5/5_48.jpg,5
5/5_49.jpg,5
5/5_50.jpg,5
5/5_51.jpg,5
5/5_52.jpg,5
5/5_53.jpg,5
5/5_54.jpg,5
5/5_55.jpg,5
5/5_56.jpg,5
5/5_57.jpg,5
5/5_58.jpg,5
5/5_59.jpg,5
5/5_60.jpg,5
5/5_61.jpg,5
5/5_62.jpg,5
5/5_63.jpg,5
5/5_64.jpg,5
5/5_65.jpg,5
5/5_66.jpg,5
5/5_67.jpg,5
5/5_68.jpg,5
5/5_69.jpg,5
5/5_70.jpg,5
5/5_71.jpg,5
5/5_72.jpg,5
5/5_73.jpg,5
5/5_74.jpg,5
5/5_75.jpg,5
5/5_76.jpg,5
5/5_77.jpg,5
5/5_78.jpg,5
5/5_79.jpg,5
5/5_80.jpg,5
5/5_81.jpg,5
5/5_82.jpg,5
5/5_83.jpg,5
5/5_84.jpg,5
5/5_85.jpg,5
5/5_86.jpg,5
5/5_87.jpg,5
5/5_88.jpg,5
5/5_89.jpg,5
5/5_90.jpg,5
5/5_91.jpg,5
5/5_92.jpg,5
5/5_93.jpg,5
5/5_94.jpg,5
5/5_95.jpg,5
5/5_96.jpg,5
5/5_97.jpg,5
5/5_98.jpg,5
5/5_99.jpg,5
5/5_100.jpg,5
5/5_101.jpg,5
5/5_102.jpg,5
5/5_103.jpg,5
5/5_104.jpg,5
5/5_105.jpg,5
5/5_106.jpg,5
5/5_107.jpg,5
5/5_108.jpg,5
5/5_109.jpg,5
5/5_110.jpg,5
5/5_111.jpg,5
5/5_112.jpg,5
5/5_113.jpg,5
5/5_114.jpg,5
5/5_115.jpg,5
5/5_116.jpg,5
5/5_117.jpg,5
5/5_118.jpg,5
5/5_119.jpg,5
5/5_120.jpg,5
5/5_121.jpg,5
5/5_122.jpg,5
5/5_123.jpg,5
5/5_124.jpg,5
5/5_125.jpg,5
5/5_126.jpg,5
5/5_127.jpg,5
5/5_128.jpg,5
5/5_129.jpg,5
5/5_130.jpg,5
5/5_131.jpg,5
5/5_132.jpg,5
5/5_133.jpg,5
5/5_134.jpg,5
5/5_135.jpg,5
5/5_136.jpg,5
5/5_137.jpg,5
5/5_138.jpg,5
5/5_139.jpg,5
5/5_140.jpg,5
5/5_141.jpg,5
5/5_142.jpg,5
5/5_143.jpg,5
6/6_0.jpg,6
6/6_1.jpg,6
6/6_2.jpg,6
6/6_3.jpg,6
6/6_4.jpg,6
6/6_5.jpg,6
6/6_6.jpg,6
6/6_7.jpg,6
6/6_8.jpg,6
6/6_9.jpg,6
6/6_10.jpg,6
6/6_11.jpg,6
6/6_12.jpg,6
6/6_13.jpg,6
6/6_14.jpg,6
6/6_15.jpg,6
6/6_16.jpg,6
6/6_17.jpg,6
6/6_18.jpg,6
6/6_19.jpg,6
6/6_20.jpg,6
6/6_21.jpg,6
6/6_22.jpg,6
6/6_23.jpg,6
6/6_24.jpg,6
6/6_25.jpg,6
6/6_26.jpg,6
6/6_27.jpg,6
6/6_28.jpg,6
6/6_29.jpg,6
6/6_30.jpg,6
6/6_31.jpg,6
6/6_32.jpg,6
6/6_33.jpg,6
6/6_34.jpg,6
6/6_35.jpg,6
6/6_36.jpg,6
6/6_37.jpg,6
6/6_38.jpg,6
6/6_39.jpg,6
6/6_40.jpg,6
6/6_41.jpg,6
6/6_42.jpg,6
6/6_43.jpg,6
6/6_44.jpg,6
6/6_45.jpg,6
6/6_46.jpg,6
6/6_47.jpg,6
6/6_48.jpg,6
6/6_49.jpg,6
6/6_50.jpg,6
6/6_51.jpg,6
6/6_52.jpg,6
6/6_53.jpg,6
6/6_54.jpg,6
6/6_55.jpg,6
6/6_56.jpg,6
6/6_57.jpg,6
6/6_58.jpg,6
6/6_59.jpg,6
6/6_60.jpg,6
6/6_61.jpg,6
6/6_62.jpg,6
6/6_63.jpg,6
6/6_64.jpg,6
6/6_65.jpg,6
6/6_66.jpg,6
6/6_67.jpg,6
6/6_68.jpg,6
6/6_69.jpg,6
6/6_70.jpg,6
6/6_71.jpg,6
6/6_72.jpg,6
6/6_73.jpg,6
6/6_74.jpg,6
6/6_75.jpg,6
6/6_76.jpg,6
6/6_77.jpg,6
6/6_78.jpg,6
6/6_79.jpg,6
6/6_80.jpg,6
6/6_81.jpg,6
6/6_82.jpg,6
6/6_83.jpg,6
6/6_84.jpg,6
6/6_85.jpg,6
6/6_86.jpg,6
6/6_87.jpg,6
6/6_88.jpg,6
6/6_89.jpg,6
6/6_90.jpg,6
6/6_91.jpg,6
6/6_92.jpg,6
6/6_93.jpg,6
6/6_94.jpg,6
6/6_95.jpg,6
6/6_96.jpg,6
6/6_97.jpg,6
6/6_98.jpg,6
6/6_99.jpg,6
6/6_100.jpg,6
6/6_101.jpg,6
6/6_102.jpg,6
6/6_103.jpg,6
6/6_104.jpg,6
6/6_105.jpg,6
6/6_106.jpg,6
6/6_107.jpg,6
6/6_108.jpg,6
6/6_109.jpg,6
6/6_110.jpg,6
6/6_111.jpg,6
6/6_112.jpg,6
6/6_113.jpg,6
6/6_114.jpg,6
6/6_115.jpg,6
6/6_116.jpg,6
6/6_117.jpg,6
6/6_118.jpg,6
6/6_119.jpg,6
6/6_120.jpg,6
6/6_121.jpg,6
6/6_122.jpg,6
6/6_123.jpg,6
6/6_124.jpg,6
6/6_125.jpg,6
6/6_126.jpg,6
6/6_127.jpg,6
6/6_128.jpg,6
6/6_129.jpg,6
6/6_130.jpg,6
6/6_131.jpg,6
6/6_132.jpg,6
6/6_133.jpg,6
6/6_134.jpg,6
6/6_135.jpg,6
6/6_136.jpg,6
6/6_137.jpg,6
6/6_138.jpg,6
6/6_139.jpg,6
6/6_140.jpg,6
6/6_141.jpg,6
6/6_142.jpg,6
6/6_143.jpg,6
7/7_0.jpg,7
7/7_1.jpg,7
7/7_2.jpg,7
7/7_3.jpg,7
7/7_4.jpg,7
7/7_5.jpg,7
7/7_6.jpg,7
7/7_7.jpg,7
7/7_8.jpg,7
7/7_9.jpg,7
7/7_10.jpg,7
7/7_11.jpg,7
7/7_12.jpg,7
7/7_13.jpg,7
7/7_14.jpg,7
7/7_15.jpg,7
7/7_16.jpg,7
7/7_17.jpg,7
7/7_18.jpg,7
7/7_19.jpg,7
7/7_20.jpg,7
7/7_21.jpg,7
7/7_22.jpg,7
7/7_23.jpg,7
7/7_24.jpg,7
7/7_25.jpg,7
7/7_26.jpg,7
7/7_27.jpg,7
7/7_28.jpg,7
7/7_29.jpg,7
7/7_30.jpg,7
7/7_31.jpg,7
7/7_32.jpg,7
7/7_33.jpg,7
7/7_34.jpg,7
7/7_35.jpg,7
7/7_36.jpg,7
7/7_37.jpg,7
7/7_38.jpg,7
7/7_39.jpg,7
7/7_40.jpg,7
7/7_41.jpg,7
7/7_42.jpg,7
7/7_43.jpg,7
7/7_44.jpg,7
7/7_45.jpg,7
7/7_46.jpg,7
7/7_47.jpg,7
7/7_48.jpg,7
7/7_49.jpg,7
7/7_50.jpg,7
7/7_51.jpg,7
7/7_52.jpg,7
7/7_53.jpg,7
7/7_54.jpg,7
7/7_55.jpg,7
7/7_56.jpg,7
7/7_57.jpg,7
7/7_58.jpg,7
7/7_59.jpg,7
7/7_60.jpg,7
7/7_61.jpg,7
7/7_62.jpg,7
7/7_63.jpg,7
7/7_64.jpg,7
7/7_65.jpg,7
7/7_66.jpg,7
7/7_67.jpg,7
7/7_68.jpg,7
7/7_69.jpg,7
7/7_70.jpg,7
7/7_71.jpg,7
7/7_72.jpg,7
7/7_73.jpg,7
7/7_74.jpg,7
7/7_75.jpg,7
7/7_76.jpg,7
7/7_77.jpg,7
7/7_78.jpg,7
7/7_79.jpg,7
7/7_80.jpg,7
7/7_81.jpg,7
7/7_82.jpg,7
7/7_83.jpg,7
7/7_84.jpg,7
7/7_85.jpg,7
7/7_86.jpg,7
7/7_87.jpg,7
7/7_88.jpg,7
7/7_89.jpg,7
7/7_90.jpg,7
7/7_91.jpg,7
7/7_92.jpg,7
7/7_93.jpg,7
7/7_94.jpg,7
7/7_95.jpg,7
7/7_96.jpg,7
7/7_97.jpg,7
7/7_98.jpg,7
7/7_99.jpg,7
7/7_100.jpg,7
7/7_101.jpg,7
7/7_102.jpg,7
7/7_103.jpg,7
7/7_104.jpg,7
7/7_105.jpg,7
7/7_106.jpg,7
7/7_107.jpg,7
7/7_108.jpg,7
7/7_109.jpg,7
7/7_110.jpg,7
7/7_111.jpg,7
7/7_112.jpg,7
7/7_113.jpg,7
7/7_114.jpg,7
7/7_115.jpg,7
7/7_116.jpg,7
7/7_117.jpg,7
7/7_118.jpg,7
7/7_119.jpg,7
7/7_120.jpg,7
7/7_121.jpg,7
7/7_122.jpg,7
7/7_123.jpg,7
7/7_124.jpg,7
7/7_125.jpg,7
7/7_126.jpg,7
7/7_127.jpg,7
7/7_128.jpg,7
7/7_129.jpg,7
7/7_130.jpg,7
7/7_131.jpg,7
7/7_132.jpg,7
7/7_133.jpg,7
7/7_134.jpg,7
7/7_135.jpg,7
7/7_136.jpg,7
7/7_137.jpg,7
7/7_138.jpg,7
7/7_139.jpg,7
7/7_140.jpg,7
7/7_141.jpg,7
7/7_142.jpg,7
7/7_143.jpg,7
8/8_0.jpg,8
8/8_1.jpg,8
8/8_2.jpg,8
8/8_3.jpg,8
8/8_4.jpg,8
8/8_5.jpg,8
8/8_6.jpg,8
8/8_7.jpg,8
8/8_8.jpg,8
8/8_9.jpg,8
8/8_10.jpg,8
8/8_11.jpg,8
8/8_12.jpg,8
8/8_13.jpg,8
8/8_14.jpg,8
8/8_15.jpg,8
8/8_16.jpg,8
8/8_17.jpg,8
8/8_18.jpg,8
8/8_19.jpg,8
8/8_20.jpg,8
8/8_21.jpg,8
8/8_22.jpg,8
8/8_23.jpg,8
8/8_24.jpg,8
8/8_25.jpg,8
8/8_26.jpg,8
8/8_27.jpg,8
8/8_28.jpg,8
8/8_29.jpg,8
8/8_30.jpg,8
8/8_31.jpg,8
8/8_32.jpg,8
8/8_33.jpg,8
8/8_34.jpg,8
8/8_35.jpg,8
8/8_36.jpg,8
8/8_37.jpg,8
8/8_38.jpg,8
8/8_39.jpg,8
8/8_40.jpg,8
8/8_41.jpg,8
8/8_42.jpg,8
8/8_43.jpg,8
8/8_44.jpg,8
8/8_45.jpg,8
8/8_46.jpg,8
8/8_47.jpg,8
8/8_48.jpg,8
8/8_49.jpg,8
8/8_50.jpg,8
8/8_51.jpg,8
8/8_52.jpg,8
8/8_53.jpg,8
8/8_54.jpg,8
8/8_55.jpg,8
8/8_56.jpg,8
8/8_57.jpg,8
8/8_58.jpg,8
8/8_59.jpg,8
8/8_60.jpg,8
8/8_61.jpg,8
8/8_62.jpg,8
8/8_63.jpg,8
8/8_64.jpg,8
8/8_65.jpg,8
8/8_66.jpg,8
8/8_67.jpg,8
8/8_68.jpg,8
8/8_69.jpg,8
8/8_70.jpg,8
8/8_71.jpg,8
8/8_72.jpg,8
8/8_73.jpg,8
8/8_74.jpg,8
8/8_75.jpg,8
8/8_76.jpg,8
8/8_77.jpg,8
8/8_78.jpg,8
8/8_79.jpg,8
8/8_80.jpg,8
8/8_81.jpg,8
8/8_82.jpg,8
8/8_83.jpg,8
8/8_84.jpg,8
8/8_85.jpg,8
8/8_86.jpg,8
8/8_87.jpg,8
8/8_88.jpg,8
8/8_89.jpg,8
8/8_90.jpg,8
8/8_91.jpg,8
8/8_92.jpg,8
8/8_93.jpg,8
8/8_94.jpg,8
8/8_95.jpg,8
8/8_96.jpg,8
8/8_97.jpg,8
8/8_98.jpg,8
8/8_99.jpg,8
8/8_100.jpg,8
8/8_101.jpg,8
8/8_102.jpg,8
8/8_103.jpg,8
8/8_104.jpg,8
8/8_105.jpg,8
8/8_106.jpg,8
8/8_107.jpg,8
8/8_108.jpg,8
8/8_109.jpg,8
8/8_110.jpg,8
8/8_111.jpg,8
8/8_112.jpg,8
8/8_113.jpg,8
8/8_114.jpg,8
8/8_115.jpg,8
8/8_116.jpg,8
8/8_117.jpg,8
8/8_118.jpg,8
8/8_119.jpg,8
8/8_120.jpg,8
8/8_121.jpg,8
8/8_122.jpg,8
8/8_123.jpg,8
8/8_124.jpg,8
8/8_125.jpg,8
8/8_126.jpg,8
8/8_127.jpg,8
8/8_128.jpg,8
8/8_129.jpg,8
8/8_130.jpg,8
8/8_131.jpg,8
8/8_132.jpg,8
8/8_133.jpg,8
8/8_134.jpg,8
8/8_135.jpg,8
8/8_136.jpg,8
8/8_137.jpg,8
8/8_138.jpg,8
8/8_139.jpg,8
8/8_140.jpg,8
8/8_141.jpg,8
8/8_142.jpg,8
8/8_143.jpg,8
9/9_0.jpg,9
9/9_1.jpg,9
9/9_2.jpg,9
9/9_3.jpg,9
9/9_4.jpg,9
9/9_5.jpg,9
9/9_6.jpg,9
9/9_7.jpg,9
9/9_8.jpg,9
9/9_9.jpg,9
9/9_10.jpg,9
9/9_11.jpg,9
9/9_12.jpg,9
9/9_13.jpg,9
9/9_14.jpg,9
9/9_15.jpg,9
9/9_16.jpg,9
9/9_17.jpg,9
9/9_18.jpg,9
9/9_19.jpg,9
9/9_20.jpg,9
9/9_21.jpg,9
9/9_22.jpg,9
9/9_23.jpg,9
9/9_24.jpg,9
9/9_25.jpg,9
9/9_26.jpg,9
9/9_27.jpg,9
9/9_28.jpg,9
9/9_29.jpg,9
9/9_30.jpg,9
9/9_31.jpg,9
9/9_32.jpg,9
9/9_33.jpg,9
9/9_34.jpg,9
9/9_35.jpg,9
9/9_36.jpg,9
9/9_37.jpg,9
9/9_38.jpg,9
9/9_39.jpg,9
9/9_40.jpg,9
9/9_41.jpg,9
9/9_42.jpg,9
9/9_43.jpg,9
9/9_44.jpg,9
9/9_45.jpg,9
9/9_46.jpg,9
9/9_47.jpg,9
9/9_48.jpg,9
9/9_49.jpg,9
9/9_50.jpg,9
9/9_51.jpg,9
9/9_52.jpg,9
9/9_53.jpg,9
9/9_54.jpg,9
9/9_55.jpg,9
9/9_56.jpg,9
9/9_57.jpg,9
9/9_58.jpg,9
9/9_59.jpg,9
9/9_60.jpg,9
9/9_61.jpg,9
9/9_62.jpg,9
9/9_63.jpg,9
9/9_64.jpg,9
9/9_65.jpg,9
9/9_66.jpg,9
9/9_67.jpg,9
9/9_68.jpg,9
9/9_69.jpg,9
9/9_70.jpg,9
9/9_71.jpg,9
9/9_72.jpg,9
9/9_73.jpg,9
9/9_74.jpg,9
9/9_75.jpg,9
9/9_76.jpg,9
9/9_77.jpg,9
9/9_78.jpg,9
9/9_79.jpg,9
9/9_80.jpg,9
9/9_81.jpg,9
9/9_82.jpg,9
9/9_83.jpg,9
9/9_84.jpg,9
9/9_85.jpg,9
9/9_86.jpg,9
9/9_87.jpg,9
9/9_88.jpg,9
9/9_89.jpg,9
9/9_90.jpg,9
9/9_91.jpg,9
9/9_92.jpg,9
9/9_93.jpg,9
9/9_94.jpg,9
9/9_95.jpg,9
9/9_96.jpg,9
9/9_97.jpg,9
9/9_98.jpg,9
9/9_99.jpg,9
9/9_100.jpg,9
9/9_101.jpg,9
9/9_102.jpg,9
9/9_103.jpg,9
9/9_104.jpg,9
9/9_105.jpg,9
9/9_106.jpg,9
9/9_107.jpg,9
9/9_108.jpg,9
9/9_109.jpg,9
9/9_110.jpg,9
9/9_111.jpg,9
9/9_112.jpg,9
9/9_113.jpg,9
9/9_114.jpg,9
9/9_115.jpg,9
9/9_116.jpg,9
9/9_117.jpg,9
9/9_118.jpg,9
9/9_119.jpg,9
9/9_120.jpg,9
9/9_121.jpg,9
9/9_122.jpg,9
9/9_123.jpg,9
9/9_124.jpg,9
9/9_125.jpg,9
9/9_126.jpg,9
9/9_127.jpg,9
9/9_128.jpg,9
9/9_129.jpg,9
9/9_130.jpg,9
9/9_131.jpg,9
9/9_132.jpg,9
9/9_133.jpg,9
9/9_134.jpg,9
9/9_135.jpg,9
9/9_136.jpg,9
9/9_137.jpg,9
9/9_138.jpg,9
9/9_139.jpg,9
9/9_140.jpg,9
9/9_141.jpg,9
9/9_142.jpg,9
9/9_143.jpg,9
